autor,inclinacao_0,inclinacao_1,inclinacao_2,inclinacao_3,inclinacao_4,inclinacao_5,inclinacao_6,inclinacao_7,inclinacao_8,inclinacao_9,inclinacao_10,inclinacao_11,inclinacao_12,inclinacao_13,inclinacao_14,inclinacao_15,inclinacao_16
a001,0.34759691057505765,0.5894188415876618,0.2771697353490245,0.1226740851910148,0.0,0.07380699635174542,0.2771697353490245,0.5894188415876618,1.0,0.7874373146894103,0.5204436472784509,0.3352001659406762,0.1629635052527545,0.16772209817343242,0.19391876227777982,0.1629635052527545,0.34759691057505765
a002,1.0,0.26092990094976193,0.12023527614391567,0.048251979731622235,0.0,0.031561123418124414,0.12023527614391567,0.26092990094976193,0.5015150357752145,0.47783464466681946,0.4361647951518855,0.4055457948208693,0.35134825452601026,0.4395895398874545,0.578692740559672,0.35134825452601026,1.0
a003,0.43458008811017557,0.5346444666052336,0.23537282722579178,0.0970600487256845,0.0,0.0712834042338328,0.23537282722579178,0.5346444666052336,1.0,0.9500498617755841,0.7736527853166538,0.5963973289236169,0.40598846236382685,0.37416528863025283,0.36034284704426967,0.40598846236382685,0.43458008811017557
a004,0.5229634854680318,0.4491959749148582,0.20063704797698692,0.07717318226405528,0.0,0.07089087522456493,0.20063704797698692,0.4491959749148582,0.8935755144327738,1.0,0.9644553680660414,0.8744310103492742,0.7340710451775028,0.6934344380641677,0.6439474931390594,0.7340710451775028,0.5229634854680318
a005,1.0,0.3213755628789213,0.16842343588840533,0.06472793137279566,0.0,0.05257729365298986,0.16842343588840533,0.3213755628789213,0.48484314860003525,0.27551508138160047,0.12097808860154462,0.04653970969283792,0.005685391562476416,0.1883977761565747,0.4124676108777138,0.005685391562476416,1.0
a006,0.5185703359635868,0.5940268994720839,0.2804484488965993,0.12151398138302834,0.0,0.0825078814333949,0.2804484488965993,0.5940268994720839,1.0,0.7616169530098681,0.4926968492920701,0.3095491260469715,0.1535620348088869,0.18736359057585764,0.2543884194228366,0.1535620348088869,0.5185703359635868
a007,0.6082707014767933,0.8396954113924051,0.5904700685654009,0.38241693037974683,0.17991824894514769,0.2794040084388186,0.5904700685654009,0.8396954113924051,1.0,0.5082575158227848,0.19117550105485231,0.0782568565400844,0.0,0.08656381856540084,0.19574103375527427,0.0,0.6082707014767933
a008,0.29706590823345036,0.1256182654156941,0.07204009966873826,0.032106269097301396,0.0,0.03317592527332203,0.07204009966873826,0.1256182654156941,0.25807735521291547,0.49818614505035264,0.7247003511623182,0.9089465545047865,1.0,0.8828270432298642,0.7114747573580321,1.0,0.29706590823345036
a009,1.0,0.3101549150579696,0.1320520243458122,0.050245011509186165,0.0,0.04643215228842162,0.1320520243458122,0.3101549150579696,0.6552327962379789,0.7271546185022524,0.69824749692853,0.6284580514877212,0.5301286486944488,0.6290087978196094,0.7718780449917388,0.5301286486944488,1.0
a010,0.48014464972742227,0.4261593050287532,0.1764889813342034,0.07304539336840818,0.0,0.05988553094878801,0.1764889813342034,0.4261593050287532,0.8946667210462634,1.0,0.9668148510678793,0.8684149707029922,0.7104286471715813,0.6623706785214187,0.5979716410402817,0.7104286471715813,0.48014464972742227
a011,1.0,0.28693049431838547,0.13171667204358892,0.04674337742409578,0.0,0.040721224504427,0.13171667204358892,0.28693049431838547,0.5143026131842133,0.4145248593038678,0.3094597985446464,0.24719503889307093,0.22495250385346094,0.3898268631035595,0.5864788328494104,0.22495250385346094,1.0
a012,0.8959031100478468,0.6117523923444976,0.3091507177033493,0.1304126794258373,0.0,0.10651913875598086,0.3091507177033493,0.6117523923444976,1.0,0.8226076555023923,0.6106160287081339,0.4516148325358852,0.32610645933014354,0.43277511961722487,0.5747607655502392,0.32610645933014354,0.8959031100478468
a013,0.6817522903861765,0.5627681781282616,0.27470138003015193,0.10802504928679114,0.0,0.1060825698712745,0.27470138003015193,0.5627681781282616,1.0,0.9695581584135452,0.8501971471645599,0.7298214078626928,0.6033862924736171,0.6141134176040821,0.6434535544474081,0.6033862924736171,0.6817522903861765
a014,0.8689731128282228,0.23348833956854656,0.121743994965211,0.04683402678228034,0.0,0.05342470542988007,0.121743994965211,0.23348833956854656,0.4817663718051816,0.6730009440229363,0.8185727771756233,0.9127827698332226,0.9373623299884619,0.9839166462711094,1.0,0.9373623299884619,0.8689731128282228
a015,0.7191748509671055,0.6167174164772483,0.31624994639104514,0.13112750353819103,0.0,0.09405155037097397,0.31624994639104514,0.6167174164772483,1.0,0.8271861731783677,0.6549942102328773,0.5587554145044388,0.45679118239910793,0.5085774327743706,0.5661105631084616,0.45679118239910793,0.7191748509671055
a016,1.0,0.2165808874669634,0.09676821069226132,0.03588816247044095,0.0,0.03667640376501136,0.09676821069226132,0.2165808874669634,0.4533778457829091,0.5550609727824918,0.6132053600408031,0.6471924699772801,0.6519914684471646,0.7820049149163073,0.8788658598785181,0.6519914684471646,1.0
a017,1.0,0.3185940649106957,0.14872472027243033,0.05151504621585934,0.0,0.03342831329487803,0.14872472027243033,0.3185940649106957,0.5031447633609006,0.31192230175828756,0.1611995274167767,0.09693168392522065,0.07486621724928764,0.24066995621655432,0.454861352421989,0.07486621724928764,1.0
a018,1.0,0.429664543356933,0.1901315400240598,0.0788451298637269,0.0,0.06951702920701285,0.1901315400240598,0.429664543356933,0.8597826730037273,0.9358865639852486,0.9344666416865521,0.9140749797858284,0.8594276924290531,0.9460035103634606,0.9998027885696255,0.8594276924290531,1.0
a019,0.9868323650149173,0.8379281724578838,0.6198658561205949,0.46862872653042914,0.36474573229547547,0.4121222997375446,0.6198658561205949,0.8379281724578838,1.0,0.5674869333094058,0.24473406761030977,0.09461854236299604,0.0,0.09906009556069001,0.2604813925839521,0.0,0.9868323650149173
a020,0.729181238428307,0.3786566550092574,0.14745937049989713,0.05116231228142357,0.0,0.05116231228142357,0.14745937049989713,0.3786566550092574,0.8220942192964411,0.9839950627442913,1.0,0.9647603373791401,0.8988171158197902,0.93205101830899,0.9307961324830282,0.8988171158197902,0.729181238428307
a021,0.7342391229684988,0.2749378357214491,0.13166462886895358,0.05180585511945158,0.0,0.0523965874902117,0.13166462886895358,0.2749378357214491,0.6015853608275749,0.8105260265692187,0.9402123888942314,1.0,0.9733620914673518,0.9916747949609155,0.9524116992485335,0.9733620914673518,0.7342391229684988
a022,1.0,0.4265270672977323,0.18318433172379722,0.06607066022852226,0.0,0.04559289891794553,0.18318433172379722,0.4265270672977323,0.8142340361109783,0.7605775206769613,0.6698538668706475,0.6243087759557616,0.5607400678873643,0.6732322990868671,0.7688961132093513,0.5607400678873643,1.0
a023,0.789512823902697,0.624289397144368,0.3235887096774194,0.13289925965097832,0.0,0.08828001057641459,0.3235887096774194,0.624289397144368,1.0,0.7706240084611317,0.572398863035431,0.4740712585933369,0.3588709677419355,0.40089569011105236,0.4580579058699101,0.3588709677419355,0.789512823902697
a024,0.5357446225510344,0.7617481846828332,0.4768324428003836,0.2278942320865872,0.0,0.15185641868749145,0.4768324428003836,0.7617481846828332,1.0,0.5870667214686943,0.29469790382244143,0.14300589121797508,0.014303329223181258,0.08173722427729826,0.18912179750650773,0.014303329223181258,0.5357446225510344
a025,0.6292647933652937,0.5399797039577282,0.2841620883927634,0.12711271302096092,0.0,0.09176960492703923,0.2841620883927634,0.5399797039577282,0.9621898729747699,1.0,0.9986002729467753,0.9878398712251111,0.8877943800958813,0.8424432235714036,0.7639185358855023,0.8877943800958813,0.6292647933652937
a026,0.8434524418961811,0.690693150404423,0.4152503327531484,0.18892699907852975,0.0,0.12752124500870277,0.4152503327531484,0.690693150404423,1.0,0.7496928432476707,0.5704156854714856,0.4803419678509266,0.36807617487457767,0.44432783864031944,0.537524316576226,0.36807617487457767,0.8434524418961811
a027,0.8570195627157653,0.5865091721383605,0.2693427198267109,0.10862722534353211,0.0,0.07618628579164692,0.2693427198267109,0.5865091721383605,1.0,0.7950483991064781,0.5509713666824613,0.39093278277939486,0.2740980166520003,0.37693765653557165,0.5023691870303932,0.2740980166520003,0.8570195627157653
a028,1.0,0.5283089613798275,0.26835616136218265,0.0941573479785615,0.0,0.07346875758177286,0.26835616136218265,0.5283089613798275,0.7649705551511944,0.46997066543152693,0.23635280884007145,0.16577339597256224,0.1478859260239529,0.3244226824588103,0.5482255894483777,0.1478859260239529,1.0
a029,0.6349068424664865,0.10699106518823552,0.06303481365345019,0.027837070338817632,0.0,0.029197126252227406,0.06303481365345019,0.10699106518823552,0.16330745449164763,0.23081282230491698,0.3596088579937916,0.5283943154700064,0.7193058677597487,0.9441747419986526,1.0,0.7193058677597487,0.6349068424664865
a030,0.3920936373330625,0.22247118265373483,0.11354923069110852,0.04621566038693952,0.0,0.04669171786929366,0.11354923069110852,0.22247118265373483,0.4620486975067283,0.7023688620321942,0.8810681460417408,0.9880350886101661,1.0,0.9218694459960391,0.7803216879094095,1.0,0.3920936373330625
a031,0.41312012402480497,0.4187962592518504,0.18249899979995998,0.08155381076215243,0.0,0.06646329265853171,0.18249899979995998,0.4187962592518504,0.8789132826565313,1.0,0.97250700140028,0.8651605321064213,0.6916383276655331,0.6306011202240448,0.5570864172834566,0.6916383276655331,0.41312012402480497
a032,1.0,0.8204276022750634,0.7150688686356472,0.668162817789351,0.6379428493113136,0.6172137326115261,0.7150688686356472,0.8204276022750634,0.8967141780305626,0.5184334955115466,0.23850476255739053,0.08968340985403961,0.0,0.07890769547043103,0.21272185294319193,0.0,1.0
a033,0.9999078397640698,0.3913584418776112,0.3780105677070533,0.36444765298599163,0.33421909560088475,0.3034375768001966,0.3780105677070533,0.3913584418776112,0.3933398869501106,0.1391926763332514,0.030121037109855,0.007680019660850332,0.0,0.13287970017203243,0.2989678053575817,0.0,1.0
a034,0.7104786287842264,0.41779854034014396,0.18142674269754452,0.06797891971870793,0.0,0.0651028245581952,0.18142674269754452,0.41779854034014396,0.8742830543133115,1.0,0.9918039600339147,0.9248890292763212,0.8024471746105634,0.8024970490931157,0.7758474505827002,0.8024471746105634,0.7104786287842264
a035,0.6531336015244548,0.5566641964852848,0.2507145881854753,0.10496506457759898,0.0,0.06272496294727928,0.2507145881854753,0.5566641964852848,1.0,0.890085750582257,0.7574502434893077,0.7085935845860681,0.647099301291552,0.6843372856235443,0.6819420918907474,0.647099301291552,0.6531336015244548
a036,0.999369527145359,0.5690134267367192,0.2789725627553999,0.11502626970227671,0.0,0.08765907764156451,0.2789725627553999,0.5690134267367192,1.0,0.925580852305896,0.8124927028604787,0.7350145942790426,0.6468184471687098,0.7580852305896089,0.8544074722708698,0.6468184471687098,0.999369527145359
a037,0.7636302391607719,0.7312689475963621,0.42851643328040034,0.2322554256291805,0.11132765506953467,0.19024589769500985,0.42851643328040034,0.7312689475963621,1.0,0.5730474953082142,0.23199076079110725,0.0833694239930706,0.0,0.10812761657283095,0.2589625138347529,0.0,0.7636302391607719
a038,1.0,0.23938850568694947,0.10104315275578184,0.04027328769812704,0.0,0.03232857348533435,0.10104315275578184,0.23938850568694947,0.5231469968456736,0.609609570304831,0.6619766239545568,0.6921063309032368,0.6745284871012919,0.7616454851249297,0.8363938588798869,0.6745284871012919,1.0
a039,1.0,0.48936443084589876,0.2391491544676719,0.08341730638867005,0.0,0.061999596929334384,0.2391491544676719,0.48936443084589876,0.7761675308257452,0.5422216522233011,0.3405031054762646,0.26591671094336855,0.22478518165662043,0.3653285941994467,0.5411040471959107,0.22478518165662043,1.0
a040,0.7055384615384616,0.4640410256410256,0.22615384615384615,0.09602051282051283,0.0,0.08683076923076923,0.22615384615384615,0.4640410256410256,0.9018871794871794,1.0,0.9981948717948718,0.9486153846153846,0.8203282051282051,0.791774358974359,0.7609846153846154,0.8203282051282051,0.7055384615384616
a041,1.0,0.4213348302427316,0.18516511168750727,0.07876195269250126,0.0,0.04746235143819442,0.18516511168750727,0.4213348302427316,0.7759862181100229,0.6508845960280283,0.5160659672486547,0.43445859626030736,0.3579807208393016,0.44394332391312763,0.5558437536293601,0.3579807208393016,1.0
a042,0.21108032636676993,0.6800798464156377,0.36405384179065403,0.1812251843448667,0.048507788297918755,0.1264998472882761,0.36405384179065403,0.6800798464156377,1.0,0.6402111784981893,0.31001570749160084,0.1311575548671408,0.0,0.00704655525982809,0.03743618831537152,0.0,0.21108032636676993
a043,0.20978735860497208,0.6357392267965793,0.2918644280427374,0.10628933447634181,0.0,0.08470111025153156,0.2918644280427374,0.6357392267965793,1.0,0.7101741694022206,0.3889225751144751,0.21512952934534887,0.0901582787964957,0.09476864532586196,0.12259811403600476,0.0901582787964957,0.20978735860497208
a044,1.0,0.6341250585280722,0.3423360149831865,0.14795896650065976,0.0,0.09707146809687991,0.3423360149831865,0.6341250585280722,0.9802281530668709,0.7797854680117482,0.633827097433278,0.5956242284935939,0.5612522879155493,0.6918018133060911,0.796322308772826,0.5612522879155493,1.0
a045,0.9057536180727145,0.5391532130715069,0.25318148884388875,0.10667508871012689,0.0,0.06961190480613819,0.25318148884388875,0.5391532130715069,1.0,0.9424638192728556,0.8257565905586416,0.7373251342263176,0.5999405502814572,0.6638675757519461,0.7272929942222305,0.5999405502814572,0.9057536180727145
a046,0.48039458137553925,0.21374989695820626,0.10415922475934017,0.0412808323945081,0.0,0.04265472297786204,0.10415922475934017,0.21374989695820626,0.4970644537869004,0.7572243746508028,0.9256358823583289,1.0,0.9460061000741901,0.8651755374201998,0.7470392657928723,0.9460061000741901,0.48039458137553925
a047,0.9746163174842136,0.23165920907734983,0.11097171691827319,0.042794017201243394,0.0,0.045080081963785386,0.11097171691827319,0.23165920907734983,0.5147130570540431,0.6976958139923891,0.8117342031530966,0.8685652155731193,0.8529251871367038,0.9438520191248833,1.0,0.8529251871367038,0.9746163174842136
a048,0.3315721616907248,0.6044062997699522,0.28683924463432514,0.11444245013524787,0.0,0.08514295826276007,0.28683924463432514,0.6044062997699522,1.0,0.7991379528275653,0.5427737189372298,0.370882523952777,0.22691306216346033,0.22205930682306546,0.23748009201911166,0.22691306216346033,0.3315721616907248
a049,0.5466622749231445,0.12925633143024448,0.07427170253257209,0.031979212413995026,0.0,0.033735909822866346,0.07427170253257209,0.12925633143024448,0.22735324257063388,0.3648440931049627,0.5451617625530669,0.7345264236568584,0.8956009369052848,1.0,0.9692724344898258,0.8956009369052848,0.5466622749231445
a050,0.45923604068713314,0.5997357180172705,0.24069635229402908,0.0848775391045143,0.0,0.06270550997203528,0.24069635229402908,0.5997357180172705,1.0,0.6920039334992778,0.3492670784548723,0.14586214314249715,0.03921207092590885,0.09085461417903568,0.17929688700408716,0.03921207092590885,0.45923604068713314
a051,0.23805487869477698,0.34849736907158246,0.14529787760002824,0.0595967086908924,0.0,0.05112123459406011,0.14529787760002824,0.34849736907158246,0.7876611222940283,0.9908464879754211,1.0,0.8894798177773069,0.6604795705759791,0.5185789455097645,0.3922166896210757,0.6604795705759791,0.23805487869477698
a052,0.7640425819432141,0.41633008513385683,0.16881127910992327,0.06559961562138707,0.0,0.062236302758216844,0.16881127910992327,0.41633008513385683,0.8857074218104833,1.0,0.9627182775033408,0.8718187414603384,0.744553385084308,0.7800633624119758,0.7990420564255792,0.744553385084308,0.7640425819432141
a053,0.999871912168344,0.3804757548032937,0.30492223238792315,0.24922232387923146,0.2210064043915828,0.22839890210430008,0.30492223238792315,0.3804757548032937,0.4310338517840805,0.2084354986276304,0.0683989021043001,0.016102470265324794,0.0,0.1452150045745654,0.33868252516010977,0.0,1.0
a054,0.8052114207731838,0.6104015182207817,0.3095933641810777,0.13350534149305926,0.0,0.08490948248288803,0.3095933641810777,0.6104015182207817,1.0,0.7914152291191334,0.6441989892743673,0.6145382433844382,0.5816789986566305,0.7070388297758918,0.7774058042092244,0.5816789986566305,0.8052114207731838
a055,0.525209577746028,0.20262337975315442,0.10799063570481814,0.04580586301275541,0.0,0.04894737748093574,0.10799063570481814,0.20262337975315442,0.42431962542819274,0.6429173910798203,0.8207615375346428,0.9469213158211833,1.0,0.9811164856351023,0.890296593393352,1.0,0.525209577746028
a056,0.9877268277991115,0.46008081720753957,0.21346284165348994,0.08548553070802901,0.0,0.07780538614060187,0.21346284165348994,0.46008081720753957,0.8654468790000753,0.9093943729136862,0.8843209597670858,0.8532239038225033,0.7995632858971463,0.9222448108827147,1.0,0.7995632858971463,0.9877268277991115
a057,1.0,0.34230174311380807,0.1532958534118627,0.06071152358855375,0.0,0.0427003391040514,0.1532958534118627,0.34230174311380807,0.6777172943066214,0.6776726753524898,0.6328008804806948,0.5817419239693021,0.5038967219941698,0.5835713010887025,0.6842019156404308,0.5038967219941698,1.0
a058,0.7527174406155298,0.1407080770138095,0.07578891973796432,0.03110312664452792,0.0,0.03328070843994411,0.07578891973796432,0.1407080770138095,0.2789845210227376,0.44521567133032103,0.6116464333024842,0.7595677500136099,0.8698441214364782,0.9740777033770665,1.0,0.8698441214364782,0.7527174406155298
a059,0.851150956148372,0.5996898978253091,0.27074305251858627,0.10092235518626008,0.0,0.06299447382022025,0.27074305251858627,0.5996898978253091,1.0,0.7169323738719039,0.43310937065161215,0.27933049735618015,0.1611934958056693,0.2587961674551743,0.39617540651214567,0.1611934958056693,0.851150956148372
a060,0.18345723078652632,0.7308919211365776,0.43175334804176446,0.21263051390508847,0.033656075659420186,0.1550849482160172,0.43175334804176446,0.7308919211365776,1.0,0.6416014389904583,0.33074296313992213,0.14430657242028638,0.0,0.002121948820280772,0.029468388583634295,0.0,0.18345723078652632
a061,0.7573640619373424,0.8602232625135038,0.6058480374504861,0.37921498019445443,0.2037450486136118,0.3023838674828952,0.6058480374504861,0.8602232625135038,1.0,0.49117752970831835,0.16213179690313287,0.04990997479294202,0.0,0.14828952106589846,0.3240475333093266,0.0,0.7573640619373424
a062,0.21399695591899254,0.6180356952428964,0.3016160774010916,0.12338222605694564,0.0,0.0885110178282324,0.3016160774010916,0.6180356952428964,1.0,0.8031720487440742,0.5537706856937887,0.38104332483446596,0.21753545772702154,0.18671656115791413,0.17526732654070246,0.21753545772702154,0.21399695591899254
a063,0.6955466689777271,0.2264426588750913,0.11146327270926447,0.04187146376793651,0.0,0.04626660558863949,0.11146327270926447,0.2264426588750913,0.4606603855344121,0.6423345012442585,0.7966596922162658,0.9180646519171485,0.974235802453851,1.0,0.9650988597392629,0.974235802453851,0.6955466689777271
a064,1.0,0.9905760582160049,0.9317046712920066,0.8156794503830596,0.6107934642590793,0.7210784424506769,0.9317046712920066,0.9905760582160049,0.9156365115595833,0.43497028181427827,0.187371466021831,0.06888291260819454,0.0,0.1400483626748627,0.34186083301317544,0.0,1.0
a065,0.7958618381915527,0.5766656751933373,0.2822352766210589,0.11548185603807258,0.0,0.08754089827483641,0.2822352766210589,0.5766656751933373,1.0,0.9121244794765021,0.7755428316478287,0.6796921475312314,0.5781342950624628,0.63139500297442,0.6839678762641285,0.5781342950624628,0.7958618381915527
a066,1.0,0.5874118042333968,0.6074108442794746,0.5889797289730093,0.5304225397180935,0.5433179207398044,0.6074108442794746,0.5874118042333968,0.508647584915924,0.24146040990032477,0.10701886309457145,0.03783818376717918,0.0,0.10895477017103179,0.2740348463273763,0.0,1.0
a067,0.8127029567595283,0.45940864809434284,0.21878738677149207,0.09051871474961545,0.0,0.08722867885831481,0.21878738677149207,0.45940864809434284,0.8869424030080328,1.0,0.9895957955904974,0.9196718509656469,0.809626559562468,0.8545120492223551,0.8795932319261665,0.809626559562468,0.8127029567595283
a068,1.0,0.6338154877403422,0.3580878461809843,0.21427059446110425,0.10943729052742988,0.16041629917092962,0.3580878461809843,0.6338154877403422,0.9224201799259129,0.5432704180631505,0.2278003175163168,0.0783383312753572,0.0,0.1661668724642794,0.3914446992414888,0.0,1.0
a069,0.657562995816602,0.5382452114784604,0.2241126019615799,0.08871881689589076,0.0,0.06403816825934269,0.2241126019615799,0.5382452114784604,1.0,0.9063842290095561,0.7207057210415122,0.5933429406908902,0.48517622039091685,0.5463181900857667,0.5821079288682439,0.48517622039091685,0.657562995816602
a070,0.8519225099290657,1.0,0.8881527601935517,0.739953866699041,0.5518652768865225,0.6409233597530307,0.8881527601935517,1.0,0.9882585546055256,0.48604727796180996,0.1974366534279124,0.0722350370280442,0.0,0.10478849789278344,0.25354237846650135,0.0,0.8519225099290657
a071,1.0,0.3070405020460691,0.1412438364879911,0.052836300013013864,0.0,0.052807380308573244,0.1412438364879911,0.3070405020460691,0.5649030466908628,0.5702387321601573,0.5298957444654916,0.4906661653917897,0.47337218213629856,0.6300591407955811,0.7723296267912142,0.47337218213629856,1.0
a072,0.6099954209459018,0.35720546869889447,0.1485445149473409,0.05825865114149277,0.0,0.05475240400340158,0.1485445149473409,0.35720546869889447,0.8091581081965068,0.9952377837378165,1.0,0.8961601360633218,0.7167266304703342,0.6881925819323609,0.6542683325701576,0.7167266304703342,0.6101000850395761
a073,0.9029403179152403,0.3469203619669347,0.16231457155746623,0.06364939097205637,0.0,0.05717432263885572,0.16231457155746623,0.3469203619669347,0.6554149085794655,0.7171403550672717,0.7376668524268237,0.7657697104795266,0.7816256667462782,0.9178011304832417,1.0,0.7816256667462782,0.9029403179152403
a074,0.43361067137895914,0.19884892439470359,0.09295119586692682,0.03600485955159592,0.0,0.03554467474137614,0.09295119586692682,0.19884892439470359,0.47678827817251407,0.7286504927045369,0.9020481291953515,1.0,0.9955944974168293,0.9257936654026924,0.7952729816294224,0.9955944974168293,0.43361067137895914
a075,0.9569065286949417,0.6797603648989039,0.38304173190823065,0.170808087684662,0.0,0.12699979576553883,0.38304173190823065,0.6797603648989039,1.0,0.7222411328204779,0.4983661243107087,0.3794335897610457,0.2746953502621009,0.4259990469058479,0.5936074613656478,0.2746953502621009,0.9573490366941249
a076,0.367851813104817,0.5536392867582578,0.23052662348651518,0.08595516854105448,0.0,0.06844720688010585,0.23052662348651518,0.5536392867582578,1.0,0.8541977568885675,0.5969168756442407,0.3910675548854598,0.22869582608963215,0.2220803396975338,0.24169602609270913,0.22869582608963215,0.367851813104817
a077,0.9572850428531933,0.32204405123951707,0.15060055908825606,0.055878106472521734,0.0,0.05993303228581083,0.15060055908825606,0.32204405123951707,0.687970386753909,0.8922219150308728,0.9872054802936749,1.0,0.9162442785611157,0.9401130464166129,0.9603262372131601,0.9162442785611157,0.9572850428531933
a078,0.611049094074207,0.1505686918915543,0.08564335953661564,0.0374079827636006,0.0,0.03779049343877097,0.08564335953661564,0.1505686918915543,0.27577458411722,0.4340247148734202,0.6221965480363151,0.8040686645693632,0.9443407935925558,1.0,0.9500940664007307,0.9443407935925558,0.6110803194354455
a079,1.0,0.5023553358534457,0.24489677231753418,0.09836192691673937,0.0,0.08027527381990888,0.24489677231753418,0.5023553358534457,0.8671125327129979,0.799573519433944,0.7268391974411166,0.7154405350392556,0.7047979063681302,0.8339439759620044,0.9264708733158864,0.7047979063681302,1.0
a080,0.2005561036864293,0.6631835441145694,0.3825455197775585,0.18327503214040122,0.0,0.11283523185935958,0.3825455197775585,0.6631835441145694,1.0,0.7336532424432685,0.48771190241277246,0.31392950040362366,0.10111519717762431,0.053876281878793314,0.0426196669357491,0.10111519717762431,0.2004963075911143
a081,0.8566047538641381,0.34338875178594624,0.1658007533445902,0.06375828029614236,0.0,0.06586894401870373,0.1658007533445902,0.34338875178594624,0.7048480322119756,0.8909273931679439,0.9835205870892324,1.0,0.9488407585400701,0.9924665540979348,0.996314456422912,0.9488407585400701,0.8566696973632939
a082,0.526882710366415,0.533971644264408,0.24223592954029338,0.10564352789541522,0.0,0.07211686000122752,0.24223592954029338,0.533971644264408,1.0,0.9636346897440619,0.8521144049591849,0.7684741913705272,0.6449702326152336,0.6254986804149021,0.5831185171546063,0.6449702326152336,0.526882710366415
a083,1.0,0.43457095885731367,0.28723018126694705,0.17029271729615475,0.09176505753997907,0.12682281102547133,0.28723018126694705,0.43457095885731367,0.5742468561180264,0.2640647351452911,0.07805794564126652,0.02278113457309392,0.0,0.16726092619083202,0.36554433460725494,0.0,1.0
a084,1.0,0.5393171138396241,0.259360315294831,0.11173639533121116,0.0,0.05659769592238897,0.259360315294831,0.5393171138396241,0.9430801879642262,0.7586971350613916,0.5908367439745339,0.5135857207821737,0.41907306351371837,0.5239692284371684,0.6284864332272245,0.41907306351371837,1.0
a085,0.8329923035784872,0.5012556095519334,0.20754760852884413,0.07805706047852676,0.0,0.05481665775338898,0.20754760852884413,0.5012556095519334,0.9773525240077197,1.0,0.9337782221498826,0.8822749784918734,0.8027181621596484,0.8583253888901806,0.8768107517380892,0.8027181621596484,0.8330388076359663
a086,0.9999204660688367,0.588431789712286,0.46364305171693876,0.37251705008649316,0.2904181496430915,0.3250154096991629,0.46364305171693876,0.588431789712286,0.7139761000536854,0.4050861948978983,0.19515638359215,0.08382876344620524,0.0,0.1275923090688565,0.31234963116139425,0.0,1.0
a087,1.0,0.2512368616625969,0.1172948295997452,0.06081324981420533,0.0,0.0009342817708886293,0.1172948295997452,0.2512368616625969,0.5143433485508015,0.36600488374562057,0.29533920798386243,0.2941288884170294,0.24484552500265422,0.4018048625119439,0.5496974201082917,0.24484552500265422,1.0
a088,0.5501277465508432,0.9753500255493102,0.8017782319877363,0.5550127746550844,0.25281553398058254,0.4318650996423097,0.8017782319877363,0.9753500255493102,1.0,0.5178129790495657,0.2453960143076137,0.11354113438937148,0.0,0.063587123147675,0.16860500766479306,0.0,0.5501277465508432
a089,0.816145147548602,0.40479048873053985,0.2033150027108667,0.08392068778560917,0.0,0.08134536441793819,0.2033150027108667,0.40479048873053985,0.7773410270312137,0.940825652544342,1.0,0.992913019905507,0.9164665788862211,0.9458794826117264,0.9539539927193865,0.9164665788862211,0.816145147548602
a090,1.0,0.5980755606083074,0.6941492429110441,0.7388825729491045,0.7236254592786647,0.7003278796566326,0.6941492429110441,0.5980755606083074,0.45321536256240424,0.20142355790618358,0.0920204965976307,0.032787965663256056,0.0,0.11439539979898836,0.2827838465720923,0.0,1.0
a091,0.6003284417015979,0.20418125782673577,0.09261606064923476,0.03442638931589643,0.0,0.03650352062508905,0.09261606064923476,0.20418125782673577,0.47894748682108923,0.7128534685093396,0.8751846547237865,0.9725473728413206,0.9887444978516313,1.0,0.9353689720074687,0.9887444978516313,0.6003284417015979
a092,0.39200708110533145,0.42632134152995527,0.17488147636196089,0.0726419555490888,0.0,0.05907387872394602,0.17488147636196089,0.42632134152995527,0.8950686891467511,1.0,0.9442120451541717,0.8075855128345034,0.6086719289949438,0.5320165387460138,0.4546215124949984,0.6086719289949438,0.39200708110533145
a093,0.7812065358738056,0.4758523209136654,0.20549556171199185,0.08080511109854696,0.0,0.059670944761689375,0.20549556171199185,0.4758523209136654,0.9332277944252841,1.0,0.9690394074744162,0.9319500197885453,0.8640809634194606,0.9223271329224855,0.9310227850963985,0.8640809634194606,0.7812969977949906
a094,0.872254663841662,0.43014142249323895,0.20670766368663118,0.08483627030472154,0.0,0.07034950820801682,0.20670766368663118,0.43014142249323895,0.8379411916696812,0.9354383063752089,0.9670990301965445,0.9742648958710144,0.936626875441407,0.992989165073295,1.0,0.936626875441407,0.872254663841662
a095,0.5212297406917428,0.11611979464397515,0.06199334716165526,0.0258600508490263,0.0,0.027711086067693447,0.06199334716165526,0.11611979464397515,0.23406884762169194,0.3773444177677604,0.5453911945165804,0.7245006288075522,0.8844191832579309,1.0,0.9678518736287368,0.8844191832579309,0.5212297406917428
a096,0.7949380165289256,0.5839109570781125,0.27712609970674484,0.11485270594508132,0.0,0.07891229005598507,0.27712609970674484,0.5839109570781125,1.0,0.8627366035723807,0.7010297254065583,0.6171354305518528,0.5257764596107705,0.5859270861103706,0.6428452412689949,0.5257764596107705,0.7949380165289256
a097,0.47041640334246193,0.5309037286707394,0.21327153991994943,0.0781546239730356,0.0,0.06742504037637806,0.21327153991994943,0.5309037286707394,1.0,0.9209606066989677,0.706818341408609,0.5056526929288674,0.3328277508601924,0.3301593989186153,0.35465206095077595,0.3328277508601924,0.47041640334246193
a098,1.0,0.4399355143382892,0.1780520770571089,0.07117849175202332,0.0,0.04966698692374082,0.1780520770571089,0.4399355143382892,0.930075396114576,0.9940073930531356,0.9324854662997281,0.8354638570893517,0.6818707355599342,0.7263593284371997,0.7767753912292986,0.6818707355599342,1.0
a099,0.7167171348021301,0.9551268664508719,0.8004594340607706,0.6332097734154746,0.467421948418085,0.573561658139292,0.8004594340607706,0.9551268664508719,1.0,0.5651299989558317,0.2700480317427169,0.10940273572099822,0.0,0.08896314085830635,0.2322752427691344,0.0,0.7167171348021301
a100,1.0,0.5548018428487795,0.3293074044849441,0.21425662432865833,0.15792755873444142,0.18158678443250947,0.3293074044849441,0.5548018428487795,0.7754982564206989,0.45511237814035177,0.18989742153893147,0.06805050016544913,0.0,0.07711202178837784,0.22915977295288517,0.0,1.0
a101,0.7319441399853,0.2977782362574306,0.1472837229694008,0.06348080617915952,0.0,0.055550540934352875,0.1472837229694008,0.2977782362574306,0.623512269345334,0.7837294167708991,0.902322342716406,0.9802452579592784,0.9778210467950124,1.0,0.9384276153756883,0.9778210467950124,0.7319441399853
a102,1.0,0.3740588860682592,0.1704311223936297,0.06611121959686693,0.0,0.06741304866671007,0.1704311223936297,0.3740588860682592,0.7124259584716527,0.7591833192301851,0.7327344919612055,0.6832215930048384,0.6346850658508538,0.7902753368482718,0.9307643906355095,0.6346850658508538,1.0
a103,0.23032150113541294,0.6398470180470898,0.3350782837337158,0.1486434803394287,0.0,0.1013266403728935,0.3350782837337158,0.6398470180470898,1.0,0.7559579299629496,0.501482012668818,0.33785108163021393,0.18440301183219793,0.17070634636070275,0.17010876060714714,0.18440301183219793,0.23032150113541294
a104,0.596056225747078,0.20552409758613818,0.11119708320144434,0.047116613324892434,0.0,0.05050469524847888,0.11119708320144434,0.20552409758613818,0.3947994700992978,0.5894441904359957,0.7633149274903575,0.8995416124456325,0.9735166883550803,1.0,0.9425081185008031,0.9735166883550803,0.596056225747078
a105,1.0,0.5345953298571753,0.2673996826116527,0.11382906370437543,0.0,0.07830423940149626,0.2673996826116527,0.5345953298571753,0.8463840399002494,0.5863976422579914,0.3585581500793471,0.2332124234867377,0.15105418272500568,0.28331444116980276,0.4812060757197914,0.15105418272500568,1.0
a106,1.0,0.5936851943803487,0.2784706603966469,0.10503256710576277,0.0,0.08227940532172795,0.2784706603966469,0.5936851943803487,0.9826795572041943,0.681105237024272,0.40485439728948214,0.2687151327511172,0.179922306276835,0.32987703361859977,0.5178315857113649,0.179922306276835,1.0
a107,1.0,0.15566910962899094,0.08154337737428043,0.03147110288337179,0.0,0.010815814165800217,0.08154337737428043,0.15566910962899094,0.2302132731468567,0.09504729541247178,0.0211624781274567,0.018816727106738013,0.04245175360738468,0.24347627621535262,0.4688839297035478,0.04245175360738468,1.0
a108,1.0,0.517694406284465,0.3351198653328948,0.19983360099065456,0.10419286806106456,0.1492947390824836,0.3351198653328948,0.517694406284465,0.6599655592748099,0.33742236325290714,0.12334810285780624,0.04568233268192636,0.0,0.1297331811233868,0.30957955227057254,0.0,1.0
a109,0.6676726689867294,0.5708942831150453,0.26453047609420804,0.10971682719383113,0.0,0.07254768884203838,0.26453047609420804,0.5708942831150453,1.0,0.8456484382896998,0.6537522923856696,0.5301150885907785,0.4107955119781664,0.47059248241902646,0.5216097962484296,0.4107955119781664,0.6676726689867294
a110,0.6006669334400427,0.9078964919301054,1.0,0.9961317860477524,0.8706549286381219,0.9096571962118181,1.0,0.9078964919301054,0.70875016673336,0.33950913698812857,0.17065492863812193,0.07009470454848606,0.0,0.05423502734427104,0.14671201814058957,0.0,0.6006669334400427
a111,1.0,0.78884873515746,0.8136293236964378,0.8124247117535708,0.7641828715654219,0.7756266850226582,0.8136293236964378,0.78884873515746,0.7158549876670682,0.39129811277462284,0.19833075202202718,0.07993460678024436,0.0,0.10376871450696953,0.27926920208799405,0.0,1.0
a112,1.0,0.5267558528428093,0.28754450318265184,0.1257956629625634,0.0,0.07719279318157299,0.28754450318265184,0.5267558528428093,0.8144891574064085,0.565136476426799,0.39165497896213186,0.30885208760384075,0.2542345452583882,0.4132053080159672,0.5829377494875391,0.2542345452583882,1.0
a113,0.7934183023997737,0.5001807295186309,0.23559271424305764,0.09586522292593233,0.0,0.07744652763590074,0.23559271424305764,0.5001807295186309,0.9554148135342836,1.0,0.957112099448382,0.9105310304725684,0.8279612138737408,0.9003315993776618,0.9071207430340558,0.8279612138737408,0.7934183023997737
a114,0.7177192762675162,0.7573957084310181,0.4428476833044007,0.18495982246720474,0.0,0.11383932566172128,0.4428476833044007,0.7573957084310181,1.0,0.5392558655618591,0.22089589634375503,0.0950480519712941,0.018415448216618644,0.13907332176029494,0.28899189290763644,0.018415448216618644,0.7177192762675162
a115,0.39389679658130644,0.29859750024097936,0.13421745975645022,0.056140153584166054,0.0,0.049063393631719306,0.13421745975645022,0.29859750024097936,0.6743646178067667,0.8953908684895415,0.9927786524435305,1.0,0.8962101982456704,0.8014731870320985,0.671087298782251,0.8962101982456704,0.39389679658130644
a116,0.6280187311851935,0.413925744230126,0.18075593711673543,0.0727505853495373,0.0,0.06530270933214405,0.18075593711673543,0.413925744230126,0.8652804103021519,1.0,0.9897870442635746,0.926948377745568,0.8014382874344966,0.7894637083286877,0.7450551900992307,0.8014382874344966,0.6280187311851935
a117,0.3690520076087117,0.5871094268398779,0.2846041553002934,0.11604759868469558,0.0,0.09012489493784744,0.2846041553002934,0.5871094268398779,1.0,0.8996859194597225,0.7191707094091452,0.5665983455475766,0.4075526785319315,0.3822935252222894,0.3693616644794078,0.4075526785319315,0.3690520076087117
a118,0.9979629740578755,0.6560122221556528,0.3498592055598826,0.13980588341022107,0.0,0.08471631418129531,0.3498592055598826,0.6560122221556528,1.0,0.6410640464921215,0.3612725420885507,0.23680426577197292,0.12722425259121684,0.259660895093164,0.4306812054400575,0.12722425259121684,0.9979629740578755
a119,0.8773296737350038,0.5205852406038337,0.19569259374031608,0.06728938864048874,0.0,0.0275355261410421,0.19569259374031608,0.5205852406038337,1.0,0.8286555403072292,0.6299969011465758,0.5326929036256585,0.4399043782371951,0.5290406835185267,0.5961529948204879,0.4399043782371951,0.8773296737350038
a120,0.21256675677457637,0.7884771763257951,0.5279114744730885,0.3079492758400914,0.10020658886617877,0.22023691786993693,0.5279114744730885,0.7884771763257951,1.0,0.629667479835608,0.3442232038856289,0.18060042636425572,0.0156699852750489,0.0,0.0239555174611547,0.0156699852750489,0.21256675677457637
a121,1.0,0.3952433788412369,0.13060607522472542,0.03954202646855452,0.0,0.028784151028349976,0.13060607522472542,0.3952433788412369,0.8546159165098814,0.8407223374660299,0.6931513017190088,0.5273931850708348,0.37337385627221126,0.46194542267676525,0.5800408445495039,0.37337385627221126,1.0
a122,1.0,0.2165043391396641,0.1078853717924705,0.04067553224698758,0.0,0.03883373915215084,0.1078853717924705,0.2165043391396641,0.45356496222763315,0.5655553474433415,0.6591278017106824,0.7301929200224762,0.7490947118686395,0.8501279890116751,0.9259068489729663,0.7490947118686395,1.0
a123,1.0,0.5263343439328774,0.2480434322780794,0.08901501797927096,0.0,0.05446661496157371,0.2480434322780794,0.5263343439328774,0.8099837834026652,0.4878551787351054,0.22796657970810125,0.13213001480645845,0.10205880279207502,0.25868998096312484,0.4572551646337164,0.10205880279207502,1.0
a124,0.2809366978253499,0.6077154065966,0.28316462440063933,0.11343052259408147,0.0,0.08081077154065966,0.28316462440063933,0.6077154065966,1.0,0.7785392550975929,0.5187073182544679,0.35760643192715647,0.2186031869036664,0.20505400300285756,0.20927979851794448,0.2186031869036664,0.2809366978253499
a125,0.8816422240769445,0.6381701840149437,0.33651285719963436,0.1416477882437105,0.0,0.10047295417511228,0.33651285719963436,0.6381701840149437,1.0,0.7566670641071499,0.5296689320774214,0.40785342394976354,0.30789714240292515,0.4297722666030762,0.5791304002225667,0.30789714240292515,0.8816422240769445
a126,0.916370808678501,0.1437926176387715,0.07284305438151592,0.026328543251620175,0.0,0.030960834037757113,0.07284305438151592,0.1437926176387715,0.3290955198647506,0.5010989010989011,0.6471907579599887,0.7639673147365456,0.8329219498450268,0.933941955480417,1.0,0.8329219498450268,0.916370808678501
a127,0.25243983382089036,0.6207871383269009,0.27938248236190666,0.10462400747314339,0.0,0.07677179871678262,0.27938248236190666,0.6207871383269009,1.0,0.7182698689741636,0.4060817620885469,0.2302785220875636,0.11263797045158436,0.11213402492686644,0.13502052656161656,0.11263797045158436,0.25243983382089036
a128,0.5960459416209208,0.5764782141916664,0.2687422772297284,0.10857455385176332,0.0,0.07632629084206048,0.2687422772297284,0.5764782141916664,1.0,0.8327020074138595,0.6218323981607147,0.4948447343367027,0.3782486276257419,0.39864686936617577,0.4300241051714708,0.3782486276257419,0.5960459416209208
a129,0.1792702662939532,0.5719645221631392,0.2669139746526829,0.11353748502490595,0.0,0.08377645599949557,0.2669139746526829,0.5719645221631392,1.0,0.8792744698291263,0.6455999495575779,0.43513945227936696,0.23185649130919103,0.18116185712183946,0.15541520418672103,0.23185649130919103,0.1792702662939532
a130,0.48158255178110265,0.4239724809970411,0.1875098020764719,0.07299018224020576,0.0,0.06617316478989575,0.1875098020764719,0.4239724809970411,0.8598120092427046,0.9994981336846398,1.0,0.9437282393902324,0.8189726378302646,0.7728741256547788,0.6950848467739406,0.8189726378302646,0.48158255178110265
a131,0.5566170044106588,0.8050163621211813,0.5535275107217627,0.33557592633996625,0.13931177462956565,0.26677371491290475,0.5535275107217627,0.8050163621211813,1.0,0.593548649362792,0.2919978048334316,0.12510416878391836,0.0,0.07205431004695217,0.18890627858289802,0.0,0.5566170044106588
a132,0.8105556532000904,0.49165139227157456,0.2318276546061717,0.0905415923870741,0.0,0.08788008135184673,0.2318276546061717,0.49165139227157456,0.9308258216787606,1.0,0.9454390237778392,0.8390790167474327,0.6873979963341452,0.6951063348984358,0.723027092173651,0.6873979963341452,0.8105556532000904
a133,0.8782313804946041,0.3477173772470578,0.1702375307151787,0.07137417194752195,0.0,0.0643474012444138,0.1702375307151787,0.3477173772470578,0.6596111566150795,0.7170898535730195,0.7375091606673276,0.7658748976160711,0.770200169562156,0.9300627954764266,1.0,0.770200169562156,0.8782313804946041
a134,0.7649803601086126,0.6469037513510664,0.3495900666965439,0.17396462183323227,0.045659452192022776,0.1216618775208921,0.3495900666965439,0.6469037513510664,1.0,0.6319299818100335,0.3146073339836027,0.1398518440408088,0.0,0.08881448870376717,0.22373658819497536,0.0,0.7649803601086126
a135,0.8842784303783205,0.6877658525592271,0.3642778669821685,0.20278036001014113,0.14020113242626553,0.15968055438181358,0.3642778669821685,0.6877658525592271,1.0,0.5799599988732077,0.21576664131383982,0.06686103833910814,0.0,0.1293135017887828,0.3150652131045945,0.0,0.8842784303783205
a136,0.6351031756061454,0.9452257586972613,0.8040836959072774,0.6400317741149284,0.40640176201910055,0.5029156361141701,0.8040836959072774,0.9452257586972613,1.0,0.4939250058673792,0.22034265494394395,0.11274394757271036,0.0,0.06605766279720532,0.15300319546496724,0.0,0.6351031756061454
a137,1.0,0.4690757756809098,0.2321068029173019,0.09483291441756973,0.0,0.07482796983806501,0.2321068029173019,0.4690757756809098,0.806728748609337,0.6970620956776135,0.5896617083522189,0.5477976018789402,0.5017100004120483,0.6270756932712513,0.736886563105196,0.5017100004120483,1.0
a138,0.3455415906748077,0.528794306557767,0.21911426532392356,0.09002061692173499,0.0,0.06652922052176671,0.21911426532392356,0.528794306557767,1.0,0.9518079454444532,0.7703393862500991,0.5988026326223138,0.4327571168027912,0.39098802632622315,0.3613512013321703,0.4327571168027912,0.3455415906748077
a139,0.6076500129881375,0.6192743960516062,0.3095073166507923,0.12568187721880683,0.0,0.10814789159234565,0.3095073166507923,0.6192743960516062,1.0,0.798424105983202,0.5341804485236817,0.32024417698502033,0.14631136894969263,0.18324097324443675,0.2724694778768725,0.14631136894969263,0.6076500129881375
a140,0.41379258979731676,0.21247480114003117,0.08118253408673373,0.03073019593044618,0.0,0.029727206824298157,0.08118253408673373,0.21247480114003117,0.5853682757524901,0.8710761775191412,1.0,0.9896324690414006,0.8381314610870019,0.7390937347937914,0.6221710245384761,0.8381314610870019,0.41379258979731676
a141,0.6466741528502543,0.6149547526256688,0.2957526917233635,0.12485633132967831,0.0,0.07425853755201797,0.2957526917233635,0.6149547526256688,1.0,0.7559283968558029,0.5091881894444812,0.3801836316797675,0.2578902173195059,0.2919083162692384,0.35746086267256755,0.2578902173195059,0.6466741528502543
a142,1.0,0.12578829677646292,0.08288736463907942,0.08370392703700912,0.10568829928896259,0.07975930253008719,0.08288736463907942,0.12578829677646292,0.23083590864551143,0.14950629381171326,0.08188236476470441,0.03197155850355519,0.0,0.11673073540865807,0.2840129644983794,0.0,1.0
a143,0.3600741604866261,0.5212482293142238,0.2237001083243063,0.09592950587451046,0.0,0.05098533455545371,0.2237001083243063,0.5212482293142238,1.0,0.9211628197650196,0.7516248645946171,0.6023768852595617,0.41853803849679194,0.38407216065327887,0.3406903591367386,0.41853803849679194,0.3600741604866261
a144,0.1392699823414123,0.706974171889857,0.4139774513418586,0.22235266722294453,0.07584460442823046,0.1564143364446083,0.4139774513418586,0.706974171889857,1.0,0.6654085731473036,0.35989560087710787,0.18607494227000174,0.023868200958609045,0.0,0.002736110841596647,0.023868200958609045,0.1392699823414123
a145,0.44762461384319946,0.7107455957251398,0.4198547215496368,0.18952993237037655,0.0,0.12777824162979043,0.4198547215496368,0.7107455957251398,1.0,0.7077565333555982,0.4811722468063789,0.36287885113133506,0.24647240544376722,0.2852801202304417,0.3265926358854471,0.24647240544376722,0.44775820322284376
a146,0.6741936088112989,1.0,0.8783857191023864,0.7143633162252276,0.5381373393773649,0.6164912149252613,0.8783857191023864,1.0,0.9547165923650395,0.4517008204398157,0.16150301577192522,0.05908852508148204,0.0,0.05714044880680328,0.1531674970966171,0.0,0.6741936088112989
a147,1.0,0.4410544511668107,0.19330164217804668,0.08101771823681936,0.0,0.049967588591184095,0.19330164217804668,0.4410544511668107,0.8648120138288677,0.8743949870354365,0.7829083837510804,0.680110198789974,0.543409680207433,0.6461646499567848,0.7902333621434745,0.543409680207433,1.0
a148,0.9599880203653789,0.8925726265348907,0.7268493560946391,0.5951033243486074,0.43870919436957173,0.49848757112908054,0.7268493560946391,0.8925726265348907,1.0,0.5365079365079365,0.23962264150943396,0.10444743935309973,0.0,0.10750224618149147,0.26103623839472895,0.0,0.9599880203653789
a149,0.7091437002438005,0.24786378734920272,0.12535603544179955,0.05132433349376297,0.0,0.05313902937440332,0.12535603544179955,0.24786378734920272,0.5181587937795381,0.7265490007337684,0.8706358536566122,0.9543722335750298,0.9627435045722447,1.0,0.9692369598321012,0.9627435045722447,0.7091437002438005
a150,0.6614707106510386,0.4140787583410534,0.18505390636538177,0.08079912997945785,0.0,0.05895463272512453,0.18505390636538177,0.4140787583410534,0.8507538835407688,0.9710664464762826,1.0,0.989769202883957,0.9149984559820625,0.9205300680710516,0.8604879096682375,0.9149984559820625,0.6614707106510386
a151,0.6087926146186294,0.22950810225203422,0.09775718599451398,0.03881704815250213,0.0,0.034500841343383354,0.09775718599451398,0.22950810225203422,0.534097457529447,0.7489627273355923,0.8904524813867183,0.9800036880805846,0.9837263444206256,1.0,0.9349572413157228,0.9837263444206256,0.6089136297628103
a152,1.0,0.29162426863393537,0.14088336301195625,0.05308763673365556,0.0,0.05275375222589672,0.14088336301195625,0.29162426863393537,0.6588972271686594,0.8632822437038922,0.9638132790638514,0.963717883490206,0.8473193843805648,0.8663667005850928,0.8839671839226659,0.8473193843805648,1.0
a153,1.0,0.5196685198783174,0.22157617898727727,0.09103714915106922,0.0,0.0464701562991713,0.22157617898727727,0.5196685198783174,0.9773568506391332,0.8680823005799404,0.7178822436348923,0.6184082360522096,0.5103475146483644,0.6490686487539524,0.7581334012677766,0.5103475146483644,1.0
a154,1.0,0.2502310885531336,0.22942471555099914,0.20863514898909263,0.18831616275356716,0.19130770911413253,0.22942471555099914,0.2502310885531336,0.27826423085326296,0.1385018739180854,0.05557889783364985,0.0169072788692627,0.0,0.13909009932606176,0.35039747231138973,0.0,1.0
a155,0.5138839205866571,0.25699785369343586,0.10620491265724677,0.042061646694091695,0.0,0.0365319263101413,0.10620491265724677,0.25699785369343586,0.5816937935968521,0.7841173314255053,0.9156158707446491,0.9972873069814583,1.0,0.9779183807309366,0.8654310499016277,1.0,0.5138839205866571
a156,0.5223285702665329,0.28255741438681165,0.12117350397223503,0.04762162992688195,0.0,0.04241569733286335,0.12117350397223503,0.28255741438681165,0.6729119781640049,0.9059226521334381,1.0,0.9818334643854559,0.8313133230299251,0.7588369801975724,0.6698209556863064,0.8313133230299251,0.5223285702665329
a157,0.5249295399009594,0.21399687164368453,0.09943704002710281,0.039782024205116374,0.0,0.040055935587575954,0.09943704002710281,0.21399687164368453,0.4930116556501431,0.7376505611579244,0.9079441509107553,1.0,0.9812082375244178,0.9608234641140048,0.8646517360935912,0.9812082375244178,0.5249295399009594
a158,0.6570733126157708,0.46410911929948107,0.18762151156560478,0.07095510004133307,0.0,0.067541294796626,0.18762151156560478,0.46410911929948107,0.9425011098694182,1.0,0.877011159928356,0.6931096244814231,0.5010180181559328,0.5056105812654043,0.5327067036112855,0.5010180181559328,0.6570733126157708
a159,1.0,0.36804234062797336,0.1941999682841738,0.09457262924199175,0.0,0.02939660640659689,0.1941999682841738,0.36804234062797336,0.5871392324770061,0.32744608309546464,0.17521011734855693,0.14773628290516969,0.13350380589914368,0.32609816048208057,0.5025570884871551,0.13350380589914368,1.0
a160,0.5750366799413121,0.15225918495673263,0.0770827719056602,0.03141499735505185,0.0,0.03220349133155673,0.0770827719056602,0.15225918495673263,0.32894172131229354,0.5248824744737551,0.7098841213282631,0.8660209000808455,0.9584543521873222,1.0,0.9448702977313331,0.9584543521873222,0.5750366799413121
a161,1.0,0.4011185023841761,0.2132689703891211,0.11188555954553482,0.04894330958968623,0.09281215046800495,0.2132689703891211,0.4011185023841761,0.6080178960381468,0.3914405133337258,0.18917996114675928,0.07331488785541886,0.0,0.08822040383822924,0.24977924295049156,0.0,1.0
a162,0.5771380372597917,0.1886240281648819,0.08935748863136277,0.035000733460466484,0.0,0.03557283262432155,0.08935748863136277,0.1886240281648819,0.4374944990465014,0.6796097990318322,0.8673610092416019,0.9860422473228693,1.0,0.9617280328590289,0.8631876191873258,1.0,0.577240721725099
a163,0.14278436877377287,0.6909527259554429,0.377332005071545,0.16202907082050352,0.0,0.10728355370403912,0.377332005071545,0.6909527259554429,1.0,0.6743343597174425,0.37212461510595907,0.19468846223510233,0.04289304473827205,0.028063303749320777,0.034300851295055244,0.04289304473827205,0.14278436877377287
a164,0.6644379012800066,0.23475647159857685,0.10515069725596041,0.041630883736146894,0.0,0.039299881405144566,0.10515069725596041,0.23475647159857685,0.5119821698769067,0.6941990757780232,0.823917310759416,0.9086103954525007,0.9338220259272891,1.0,0.9721711037500511,0.9338220259272891,0.6645094671410461
a165,1.0,0.5063153794791898,0.29417983529935454,0.15098486534609393,0.04760182506120632,0.12691965279323392,0.29417983529935454,0.5063153794791898,0.7391497885599821,0.4838081460048965,0.26059982194524817,0.11022701980859115,0.0,0.12822724237703093,0.33157133318495435,0.0,1.0
a166,0.36741438847588803,0.4159345288241666,0.16239110510382626,0.06074043900497144,0.0,0.056398529861040395,0.16239110510382626,0.4159345288241666,0.8712702630141552,1.0,0.9635612912782248,0.880222557560384,0.7484284881083533,0.6718386920577316,0.5718914615292038,0.7484284881083533,0.36741438847588803
a167,0.35261405913452126,0.6399321193133607,0.3009203054630899,0.11560603093792833,0.0,0.07990340056132106,0.3009203054630899,0.6399321193133607,1.0,0.6855296651654592,0.3643495855361922,0.19984335226160171,0.08372821617387899,0.10166438222048169,0.13905097578487044,0.08372821617387899,0.35261405913452126
a168,0.8421746889791273,0.42642836820733,0.15084189017924113,0.05642345394821923,0.0,0.0502289010164757,0.15084189017924113,0.42642836820733,0.9152419625999018,1.0,0.9345110312184776,0.8405840208985335,0.746126787885058,0.8182241419444948,0.8573183663968135,0.746126787885058,0.8421746889791273
a169,0.636596158674366,0.5875910118001506,0.7672373211147376,0.9208825006276676,1.0,0.8920882500627667,0.7672373211147376,0.5875910118001506,0.40415515942756713,0.20316030630178258,0.11418842580969119,0.051343208636706,0.0,0.04859716294250565,0.11930391664574441,0.0,0.636596158674366
a170,0.3672822844153999,0.3046384429606478,0.1360278448643273,0.05438982810058247,0.0,0.051179144764881376,0.1360278448643273,0.3046384429606478,0.6713666714021879,0.9048373348487001,1.0,0.9885139934649808,0.8691859639153289,0.7661599659042477,0.6332859781218924,0.8691859639153289,0.3672822844153999
a171,0.7428790928805515,0.2370491388783538,0.10938335715883342,0.04166058873296963,0.0,0.04353745465861462,0.10938335715883342,0.2370491388783538,0.4961344341686845,0.6601900205191041,0.7723740895255322,0.8569400278126246,0.8989409808326283,0.9839056315702464,1.0,0.8989409808326283,0.7428790928805515
a172,0.7442218798151001,0.5530101917686153,0.24432398314366865,0.08727049956374032,0.0,0.07776560788608981,0.24432398314366865,0.5530101917686153,1.0,0.8987320623015946,0.7176378859041714,0.5746189689420239,0.46360480442571517,0.5410362559637626,0.622440455195203,0.46360480442571517,0.7442218798151001
a173,1.0,0.9567647542331087,0.8533892268069483,0.6723930078360458,0.4511480081100334,0.5969094196942298,0.8533892268069483,0.9567647542331087,0.9057756589402159,0.42717409173105375,0.1766398158803222,0.06726395966902296,0.0,0.1495150419201052,0.3334977259027892,0.0,1.0
a174,0.6341556018397987,0.439273626659724,0.17164583875726808,0.06236440163151957,0.0,0.058654430269894996,0.17164583875726808,0.439273626659724,0.9054825132344008,1.0,0.9498069079232838,0.8624707107524082,0.7560748069079233,0.7666080881714831,0.7560314154300095,0.7560748069079233,0.6341556018397987
a175,0.9799161565311957,0.3583869779516234,0.1555138482047324,0.06026907088105804,0.0,0.056462787883040114,0.1555138482047324,0.3583869779516234,0.7444703653680869,0.8814965532967322,0.934626650997176,0.9485011664415639,0.9058251916296854,0.9708126501903142,1.0,0.9058251916296854,0.9799161565311957
a176,0.46444802814836533,0.19593290328886281,0.08562405316913453,0.03304745149782534,0.0,0.03139813321604848,0.08562405316913453,0.19593290328886281,0.4627254068318428,0.7021697698284709,0.8750488686898305,0.9822423398328691,1.0,0.9484007721252993,0.8269071006206323,1.0,0.46444802814836533
a177,1.0,0.29493179872885217,0.1415745479047914,0.056382145653876274,0.0,0.023255813953488372,0.1415745479047914,0.29493179872885217,0.48456593396587205,0.27060151882136546,0.145599242410446,0.12662308098559488,0.13414434266358288,0.302489482981552,0.4682486204949828,0.13414434266358288,1.0
a178,0.9442333186036235,0.5750478715569304,0.28693474738547653,0.11574605980262188,0.0,0.1051995875681249,0.28693474738547653,0.5750478715569304,1.0,0.8615701870673148,0.6572101929591987,0.48569745176020035,0.3313890116364708,0.4318750920606864,0.5602003240536162,0.3313890116364708,0.9442333186036235
a179,1.0,0.44040250617049553,0.24913613062464401,0.11501803683311183,0.0,0.08080501234099108,0.24913613062464401,0.44040250617049553,0.6989937345737611,0.509170305676856,0.3720903740269603,0.28160243022593506,0.1918739320296184,0.3439529143725081,0.5150180368331119,0.1918739320296184,1.0
a180,0.7495234464353794,0.5882801462178466,0.25886389630194434,0.10064811284788411,0.0024668655109775514,0.03783274651835572,0.25886389630194434,0.5882801462178466,1.0,0.6299477473032675,0.31199120898836086,0.15027696171873248,0.0,0.06474400663811083,0.1726805857684286,0.0,0.7495234464353794
a181,0.4712370693510081,0.5155863384774378,0.1971719018612185,0.07776773026740731,0.0,0.05380938658293005,0.1971719018612185,0.5155863384774378,1.0,0.9115697633976926,0.6867926028241234,0.48815994753212166,0.3118758260212853,0.29644351256546064,0.3163375830989834,0.3118758260212853,0.4712370693510081
a182,0.6788988062368851,0.2514733787813375,0.10925593116534975,0.03911607313179587,0.0,0.035853053684199956,0.10925593116534975,0.2514733787813375,0.5650746478449011,0.7621309023001777,0.8976415899438761,0.9864057589783235,0.9976405859378922,1.0,0.9287657754440216,0.9976405859378922,0.6788988062368851
a183,0.9153383323604688,0.5777917471150824,0.28368730636253425,0.11649678954694445,0.0,0.09343989942077141,0.28368730636253425,0.5777917471150824,1.0,0.9035517040096988,0.7849445467199497,0.7183332584975978,0.6523281397332854,0.7361366799874276,0.7960576534506758,0.6523281397332854,0.9153383323604688
a184,0.2760846359446242,0.9405777553435336,0.763237813102518,0.5619254098157174,0.34719107631964385,0.47541933188246294,0.763237813102518,0.9405777553435336,1.0,0.5544117768748914,0.2622572343541834,0.11464910175676682,0.0,0.011204250002068731,0.05063427308911268,0.0,0.2760846359446242
a185,0.9406614054866591,0.5737880496054115,0.254641112363773,0.09543404735062007,0.0,0.08628335212326194,0.254641112363773,0.5737880496054115,1.0,0.9165351371664787,0.7938932732055618,0.7439872228485531,0.7380308154829012,0.8832018038331454,0.9700488538143555,0.7380308154829012,0.9406614054866591
a186,0.698953637453989,0.5532486868770421,0.2380578187683527,0.08852723437693867,0.0,0.06534596137143803,0.2380578187683527,0.5532486868770421,1.0,0.8147152487695934,0.5819512800363952,0.42547251747384096,0.27674841804871997,0.31060010753132883,0.37724885230985566,0.27674841804871997,0.698953637453989
a187,0.7609581784553503,0.518953473756038,0.23316992583813678,0.0920648602057857,0.0,0.07489809477634721,0.23316992583813678,0.518953473756038,1.0,0.9872506240011493,0.8612652408913789,0.7125285065273214,0.5309666181831242,0.5405017148808562,0.5621756540789025,0.5309666181831242,0.7609581784553503
a188,0.5229349085452715,0.5547113905297346,0.25191361659290773,0.10220517008870064,0.0,0.09111284164941405,0.25191361659290773,0.5547113905297346,1.0,0.9731428897035082,0.830500104465422,0.6892248665691656,0.5470759178711846,0.5203707572793406,0.5087845922999488,0.5470759178711846,0.5229349085452715
a189,0.7604939425447154,0.4398752292720539,0.20555626949542624,0.08779513300699791,0.0,0.06771265348084629,0.20555626949542624,0.4398752292720539,0.8734067782749395,0.992231036134444,1.0,0.9619262357325608,0.8494807060995129,0.8325174947720131,0.7947825274250265,0.8494807060995129,0.7604939425447154
a190,0.8299312683640317,0.20990978163790983,0.0998097259795229,0.03839134317925884,0.0,0.03612617626881706,0.0998097259795229,0.20990978163790983,0.4433772991444141,0.593357236237493,0.7255653209417917,0.8421890573022509,0.8990900500925483,0.9893860750482157,1.0,0.8990900500925483,0.8299312683640317
a191,0.5895108728756776,0.5198473127449189,0.24314227122291934,0.09957158230289741,0.0,0.08493228563887027,0.24314227122291934,0.5198473127449189,0.9802846642707762,1.0,0.8895656940975818,0.7456701386773873,0.557125743639723,0.5330044060019086,0.5226289821526466,0.557125743639723,0.5895108728756776
a192,0.6435780597904778,0.5885358998381739,0.26547994208329784,0.1022911165999489,0.0,0.08378758197768503,0.26547994208329784,0.5885358998381739,1.0,0.7931181330380717,0.5526573545694574,0.4158291457286432,0.30649007750617496,0.3754577974618857,0.4550080913039775,0.30649007750617496,0.6435780597904778
a193,1.0,0.6301672653078574,0.6380310726658307,0.622643514484283,0.5684257507810674,0.572952753395252,0.6380310726658307,0.6301672653078574,0.5911032709187902,0.2857112494952286,0.12429066332277741,0.04454740600624854,0.0,0.12796752460096492,0.3031178933497694,0.0,1.0
a194,0.46024339013880167,0.47588835235269916,0.2109850371364847,0.08489422056689981,0.0,0.07243238561313094,0.2109850371364847,0.47588835235269916,0.9253697408024946,1.0,0.9469262250709166,0.8728156601199628,0.7479699443494078,0.6769991988047033,0.5871895368225027,0.7479699443494078,0.46024339013880167
a195,0.30283942840910494,0.591006212407524,0.26520681265206814,0.10401768621784184,0.0,0.08015611298430225,0.26520681265206814,0.591006212407524,1.0,0.8057727222201637,0.5364531228772216,0.34443662232761496,0.19759902182370595,0.19430138204453667,0.21468005483715588,0.19759902182370595,0.30283942840910494
a196,0.35928654109228664,0.5570767126170683,0.23993475744501735,0.09369672734925813,0.0,0.06906240134694307,0.23993475744501735,0.5570767126170683,1.0,0.9041460591392192,0.7219404398610965,0.5952330842891719,0.4666105440387246,0.44229190781858363,0.4116594759549616,0.4666105440387246,0.35928654109228664
a197,0.5787825537063949,0.12358703385038217,0.06914793352750534,0.03006828449643984,0.0,0.032135669072534796,0.06914793352750534,0.12358703385038217,0.2279960354860482,0.37502964264649546,0.5566858609136623,0.7406405243860171,0.9010452453195021,1.0,0.9708863607342864,0.9010452453195021,0.5787825537063949
a198,1.0,0.37148485668741915,0.21235225119552467,0.12138710938674847,0.06783662666546363,0.08015278654997143,0.21235225119552467,0.37148485668741915,0.5216096724713525,0.24230803933952902,0.0539715480164817,0.011383801016571927,0.0,0.16597491653884328,0.35291286955998674,0.0,1.0
a199,1.0,0.4294867180188611,0.22678952799174526,0.09557747222422192,0.0,0.0826674345499484,0.22678952799174526,0.4294867180188611,0.6833201353394284,0.5636263287980227,0.45813836296882876,0.41784848702997146,0.38886089314424205,0.5247522376598757,0.6590838192594726,0.38886089314424205,1.0
a200,1.0,0.44219723604970934,0.21958436314268806,0.08906255439133916,0.0,0.07801023427437602,0.21958436314268806,0.44219723604970934,0.7833223100219305,0.7536289901486406,0.667177220036899,0.59390120792286,0.523514463744909,0.6057367633237024,0.7138406377275733,0.523514463744909,1.0
